{
    "accuracy": 0.9912280701754386,
    "f1_score": 0.9934640522875817
}